{
  "version": "v4_20251207_135857",
  "roc_auc": 0.9902564604376247,
  "fpr": 0.03744018200360869,
  "samples": 300000
}